{
    "loss": 1.9307332038879395,
    "accuracy": 0.6206896305084229
}